age,education_level,income_level,feedback_rating,interactions_with_experts,investment_amount,app_usage_duration,number_of_children,goals_created,investment_decision
27,High School,Low,3,2,19801,41,5,0,0
36,High School,High,3,10,44250,25,4,0,1
38,High School,Low,4,3,12235,14,4,0,0
27,Undergraduate,High,4,0,1943,14,1,1,1
28,Graduate,Medium,3,9,42792,33,0,0,0
58,High School,Low,5,10,12974,55,2,0,1
43,Graduate,High,5,5,26055,25,4,0,1
23,Graduate,High,4,3,26416,22,1,1,0
38,Graduate,Medium,4,8,9638,35,5,0,0
60,Graduate,Medium,5,10,24358,48,1,0,0
32,Graduate,Medium,4,8,11229,28,1,0,0
21,Graduate,Low,5,10,40168,51,2,0,0
22,Undergraduate,Low,4,10,26119,16,3,0,0
54,High School,Low,4,6,42050,41,0,0,0
47,Undergraduate,Low,4,3,6827,18,2,0,0
49,Graduate,Medium,4,3,17932,26,3,0,1
59,Undergraduate,Medium,3,5,13072,2,3,0,1
59,Graduate,High,5,0,20130,40,5,0,1
57,Undergraduate,High,4,4,45292,12,0,0,1
31,Undergraduate,Medium,4,10,8394,41,4,0,0
52,Graduate,Medium,3,10,4662,44,5,0,0
33,Undergraduate,Low,3,2,36536,47,5,0,0
49,Undergraduate,Low,3,3,14575,12,3,0,1
58,Graduate,Low,5,8,36821,59,0,0,0
39,Graduate,High,5,1,16379,19,3,1,1
52,Undergraduate,High,5,4,14598,35,5,0,1
23,Undergraduate,Medium,3,5,44084,47,2,0,1
56,Graduate,Medium,4,8,2361,1,0,0,1
27,High School,High,5,0,14212,19,5,0,0
36,Undergraduate,Low,4,5,38699,40,2,0,0
37,High School,Medium,4,3,37713,20,2,0,1
21,Graduate,High,5,3,13987,2,0,1,1
42,Graduate,Medium,5,5,3397,9,4,0,0
23,High School,Low,4,4,12520,8,2,0,0
45,Graduate,Low,3,5,26695,5,0,0,1
57,High School,High,3,10,16480,59,3,0,0
52,Graduate,Medium,4,2,33722,1,1,0,0
54,Undergraduate,High,4,8,25391,1,0,0,1
51,Undergraduate,Medium,4,8,29945,18,1,0,0
59,High School,Low,4,7,40078,12,3,0,0
57,Graduate,Medium,4,4,12076,5,1,0,1
27,Graduate,Medium,3,8,9500,56,2,0,0
50,Undergraduate,Medium,3,0,43409,28,3,0,0
45,Graduate,Medium,5,4,9869,40,1,0,0
44,Graduate,Medium,4,3,45501,56,1,0,0
26,Graduate,High,5,0,21893,36,4,1,0
54,Undergraduate,Medium,4,8,46974,28,1,0,0
40,High School,Medium,5,1,41012,25,4,0,1
36,Undergraduate,High,5,5,28054,25,5,1,0
25,Graduate,Medium,5,1,40317,22,0,0,0
58,Graduate,Low,3,6,41707,14,2,0,1
46,Undergraduate,Low,3,9,34321,34,4,0,0
36,Undergraduate,High,3,9,10278,39,2,1,1
36,Undergraduate,Medium,4,8,22577,18,3,0,0
43,High School,Low,4,1,41488,34,2,0,0
57,Graduate,High,3,8,3736,28,1,0,1
22,Graduate,High,3,8,10731,11,1,1,1
35,Undergraduate,High,3,5,1023,38,0,1,1
22,High School,Low,4,6,34171,16,4,0,0
55,Graduate,Low,3,8,47925,6,3,0,0
52,Graduate,Low,4,0,32682,55,0,0,1
44,Undergraduate,Low,5,6,37388,9,4,0,0
36,Undergraduate,High,5,4,12966,43,4,1,1
24,Undergraduate,Low,3,6,13216,8,5,0,1
58,Graduate,High,3,10,19673,35,0,0,0
26,High School,High,3,5,30252,43,2,0,0
50,High School,High,4,9,2387,54,0,0,1
34,High School,Low,4,5,2602,40,0,0,0
53,High School,Low,4,9,26446,34,5,0,0
41,High School,Medium,4,6,46122,3,3,0,0
25,High School,Low,3,5,10127,5,2,0,1
42,Undergraduate,High,3,6,10604,12,5,0,0
33,High School,Low,5,2,28209,10,4,0,0
35,High School,High,5,4,29643,48,0,0,0
49,Graduate,Low,4,0,38223,44,3,0,0
22,High School,Medium,4,7,20059,57,4,0,0
37,Graduate,Medium,5,0,2208,58,5,0,0
46,High School,Low,4,7,20376,58,4,0,0
28,Undergraduate,Low,3,8,21235,49,0,0,0
29,Undergraduate,High,5,9,40401,29,0,1,1
49,Graduate,Low,5,2,9801,10,0,0,1
52,Graduate,High,3,6,4091,5,3,0,1
29,Graduate,Low,5,8,6751,12,5,0,1
34,Graduate,Low,4,5,41465,41,4,0,0
44,High School,High,3,3,23970,29,3,0,0
55,Graduate,High,5,0,8708,18,2,0,0
33,Undergraduate,Low,4,10,13131,49,1,0,0
52,Graduate,Low,4,1,46392,7,3,0,0
41,Undergraduate,Low,5,0,20965,13,3,0,0
39,Undergraduate,High,5,6,19227,37,3,1,1
53,Undergraduate,High,3,10,21497,57,3,0,1
38,Undergraduate,High,4,0,20691,44,0,1,0
46,Graduate,High,4,0,28254,55,2,0,1
56,Undergraduate,High,3,6,32725,60,3,0,1
39,High School,Medium,4,6,48768,44,3,0,0
39,Undergraduate,Medium,3,0,32243,7,3,0,0
34,Graduate,High,5,1,28641,40,5,1,1
49,Undergraduate,Low,4,2,22726,43,2,0,1
29,High School,Low,4,3,11673,45,5,0,0
30,Undergraduate,High,5,1,28287,27,1,1,1
34,Undergraduate,Low,4,0,31291,14,0,0,1
32,High School,Low,5,2,27055,12,3,0,0
57,High School,High,3,2,8689,41,0,0,1
52,High School,High,5,6,5736,44,1,0,0
35,High School,High,4,3,42380,53,0,0,0
37,Undergraduate,High,3,9,48388,13,2,1,0
34,Undergraduate,High,5,3,17817,38,4,1,1
56,Graduate,High,4,9,36686,50,2,0,1
41,High School,High,4,9,9623,36,2,0,0
48,High School,Medium,4,2,38787,44,0,0,0
58,High School,Medium,5,10,32338,27,1,0,0
53,High School,Medium,5,7,6009,20,3,0,0
41,High School,High,5,1,24553,15,4,0,0
31,High School,High,5,10,32700,42,0,0,0
44,Undergraduate,Medium,5,9,31280,37,5,0,0
37,Undergraduate,Medium,3,5,35318,14,1,0,0
50,Undergraduate,Medium,5,9,46686,12,3,0,0
40,High School,Medium,5,9,33965,54,0,0,0
27,Undergraduate,High,4,9,44837,35,1,1,0
42,Undergraduate,Low,3,4,39429,48,1,0,0
52,Graduate,High,3,9,44904,7,5,0,1
24,Graduate,Medium,3,9,13670,30,4,0,0
56,Graduate,Low,4,8,38610,4,4,0,0
26,High School,High,4,8,23730,2,2,0,1
40,Graduate,Low,5,0,36986,43,2,0,0
60,Undergraduate,Low,3,5,9613,9,0,0,1
54,Undergraduate,High,5,7,6368,53,2,0,1
41,High School,High,5,2,9004,53,5,0,1
50,High School,Low,4,8,5498,47,2,0,0
20,High School,Medium,4,9,30695,2,0,0,0
41,Graduate,Low,3,9,26209,30,0,0,0
21,High School,High,5,7,11432,33,4,0,1
52,High School,Low,4,5,27572,3,1,0,0
36,Undergraduate,High,4,5,9777,26,0,1,1
40,Undergraduate,High,5,0,46348,45,3,0,0
30,Graduate,Low,5,6,27667,53,4,0,0
30,Undergraduate,High,4,4,32700,20,5,1,0
41,Graduate,High,4,6,26247,58,2,0,1
54,High School,Medium,5,1,35949,33,0,0,0
42,Undergraduate,Low,5,9,18058,20,4,0,0
30,Graduate,High,5,9,19591,2,2,1,0
47,Undergraduate,Medium,5,6,42686,43,3,0,0
36,High School,Medium,3,6,18078,55,4,0,0
26,Graduate,Low,4,6,3417,2,5,0,0
26,Graduate,Low,5,1,26263,36,0,0,0
46,Graduate,Medium,5,0,31892,46,1,0,0
54,Undergraduate,Low,5,3,5845,18,4,0,0
58,Undergraduate,Medium,4,5,33199,1,2,0,0
55,High School,Low,3,5,26357,33,4,0,0
34,Undergraduate,Medium,3,6,3935,5,5,0,1
29,Undergraduate,High,3,6,15328,3,1,1,0
32,Undergraduate,Medium,5,0,20783,5,2,0,0
28,High School,High,4,4,1761,51,0,0,0
28,High School,Low,3,2,40013,27,0,0,0
52,High School,High,3,4,12783,17,2,0,0
46,Graduate,Medium,4,8,19268,12,3,0,0
39,Undergraduate,High,5,9,11280,40,5,1,1
46,Undergraduate,Low,4,8,46403,2,2,0,0
32,High School,Medium,3,6,10981,33,3,0,0
44,High School,High,4,10,17316,57,3,0,0
27,Undergraduate,Medium,5,7,30135,36,0,0,0
28,Undergraduate,Low,5,4,48523,23,3,0,0
22,Undergraduate,Low,3,1,46735,35,0,0,0
23,High School,High,3,6,7475,46,0,0,0
36,Undergraduate,Low,3,3,33156,21,1,0,0
26,High School,High,5,9,1466,10,0,0,0
36,High School,Medium,5,9,8456,54,1,0,1
54,Graduate,Medium,4,9,49826,33,0,0,1
58,High School,Low,4,10,3903,44,1,0,0
52,Graduate,Low,3,10,4744,4,4,0,1
52,Undergraduate,High,4,9,14497,55,1,0,1
56,Undergraduate,Medium,4,4,42382,59,3,0,0
44,Undergraduate,High,5,8,8135,60,0,0,1
21,Undergraduate,High,4,8,25936,24,3,1,1
21,Graduate,Medium,5,10,9460,57,0,0,0
28,High School,Medium,3,6,14330,12,1,0,1
23,High School,Low,3,8,3245,44,0,0,1
57,High School,Medium,3,0,19211,51,4,0,0
58,Undergraduate,Low,5,3,44864,45,5,0,0
40,High School,High,4,10,11281,32,0,0,0
32,High School,Low,5,8,4411,26,3,0,0
46,High School,High,4,5,30564,37,1,0,0
59,Undergraduate,Medium,5,10,4584,45,3,0,1
46,Undergraduate,High,3,8,31887,53,1,0,0
52,Graduate,Low,3,9,43413,2,0,0,1
20,Undergraduate,Low,4,3,20180,56,4,0,0
21,High School,Medium,5,0,42824,28,0,0,1
36,Undergraduate,Medium,5,4,24592,36,5,0,0
35,High School,Low,3,0,6993,4,0,0,0
48,Undergraduate,Medium,4,3,25519,30,2,0,0
59,Undergraduate,Medium,5,3,7105,16,5,0,0
33,Graduate,Medium,3,7,27852,46,4,0,0
45,Graduate,Medium,4,6,42174,38,0,0,0
21,High School,High,3,2,19690,23,3,0,0
48,High School,Medium,5,4,17973,50,1,0,0
46,Undergraduate,Medium,3,10,32069,16,0,0,1
57,High School,Low,3,5,3931,56,1,0,1
47,High School,Medium,5,8,37153,29,4,0,0
52,High School,Medium,4,8,41105,37,5,0,0
47,Graduate,Medium,4,2,29171,46,2,0,1
47,High School,High,4,9,35765,18,1,0,0
29,Graduate,High,4,8,46099,5,4,1,0
55,Graduate,Medium,5,8,25824,1,0,0,0
27,High School,High,5,8,12328,4,4,0,0
22,Undergraduate,High,5,5,39632,35,1,1,1
58,High School,Medium,3,0,43873,49,2,0,0
48,High School,Low,5,0,22515,47,1,0,1
24,Graduate,Low,3,2,19390,39,4,0,1
47,Graduate,High,4,2,33709,1,0,0,1
25,High School,Medium,4,2,32429,38,2,0,0
49,Graduate,Low,3,7,45222,34,1,0,1
31,High School,High,3,10,44636,35,3,0,1
22,High School,Low,3,2,36923,2,1,0,0
51,High School,Low,5,3,36987,27,3,0,0
60,Undergraduate,Medium,4,9,1993,21,5,0,0
35,High School,Medium,5,9,46318,11,5,0,0
24,Graduate,Low,3,9,7366,20,2,0,0
52,Graduate,High,5,6,20599,40,2,0,1
25,Undergraduate,Low,3,9,46203,50,2,0,0
37,Graduate,Low,3,10,34123,54,1,0,0
23,Graduate,Low,3,1,5187,11,5,0,0
46,High School,Low,4,3,3440,32,2,0,0
32,Graduate,Medium,5,1,15703,29,2,0,0
26,Undergraduate,Low,4,8,1324,26,1,0,1
41,High School,Medium,3,0,30307,45,5,0,0
50,Graduate,Low,5,2,7474,15,3,0,0
56,Undergraduate,High,4,10,32711,54,5,0,0
27,Undergraduate,Low,5,3,22322,12,5,0,0
30,Undergraduate,Medium,5,7,47205,12,2,0,0
40,High School,Medium,4,5,39246,36,0,0,0
50,Undergraduate,High,4,8,37850,36,3,0,1
26,Undergraduate,Low,5,2,21773,44,1,0,0
51,High School,Low,5,10,5260,3,4,0,0
48,High School,Medium,3,0,38511,14,4,0,1
55,Undergraduate,High,3,9,12660,10,2,0,1
52,Graduate,Medium,4,8,18258,18,3,0,0
58,Graduate,High,3,4,21335,56,3,0,1
46,Undergraduate,Medium,4,10,32058,51,3,0,0
32,High School,Medium,5,0,21410,50,3,0,1
48,Undergraduate,High,5,5,15524,38,1,0,1
21,Graduate,Medium,3,2,11348,50,3,0,0
43,High School,Low,3,4,30503,19,3,0,0
45,Graduate,High,5,5,1794,54,1,0,1
34,Undergraduate,High,3,5,44543,5,2,1,1
49,High School,Low,4,6,6453,14,2,0,0
41,Undergraduate,High,4,6,16387,36,2,0,0
35,High School,Medium,5,6,4312,15,4,0,1
45,Graduate,Low,3,9,47036,57,4,0,0
39,High School,High,4,7,38674,46,2,0,0
39,Graduate,Low,4,2,18957,3,3,0,0
37,Undergraduate,High,5,0,40757,42,5,1,0
35,Undergraduate,High,4,5,40480,25,2,1,1
58,Graduate,Low,3,4,43498,43,3,0,0
59,High School,Low,5,7,37481,38,4,0,0
58,Undergraduate,Medium,5,2,9321,58,0,0,0
60,High School,Medium,3,9,19062,31,2,0,0
33,Undergraduate,High,4,10,19763,38,1,1,1
25,Undergraduate,Medium,3,3,10298,11,3,0,0
22,Undergraduate,High,3,4,16258,38,3,1,0
25,Undergraduate,Low,3,1,23329,19,4,0,0
26,High School,Low,4,0,29445,12,1,0,0
51,Undergraduate,Medium,5,3,11892,36,0,0,0
54,Graduate,Low,5,1,10119,33,0,0,0
35,Undergraduate,Medium,5,7,17195,20,4,0,1
23,Graduate,Low,5,4,1508,34,0,0,1
25,Undergraduate,High,5,10,47840,15,3,1,1
43,Graduate,Low,5,5,3771,19,4,0,1
46,Graduate,Low,4,2,48258,35,4,0,0
52,High School,Medium,5,4,49389,32,5,0,1
53,Graduate,High,4,5,5752,46,3,0,0
40,Undergraduate,High,5,9,16911,6,2,0,0
44,Undergraduate,Medium,4,0,5236,18,2,0,1
60,Graduate,Medium,3,6,46646,60,1,0,0
31,High School,Medium,3,6,43930,59,3,0,0
37,Undergraduate,Low,5,10,23425,38,3,0,0
23,Undergraduate,Medium,4,3,47559,26,3,0,0
39,Undergraduate,Medium,4,10,13401,22,4,0,0
25,Undergraduate,High,5,6,37037,13,0,1,1
26,Graduate,Low,3,6,41662,19,4,0,1
51,Graduate,High,5,1,39102,56,0,0,1
20,Undergraduate,High,5,1,46505,35,0,1,1
37,High School,High,5,10,28925,23,1,0,0
28,Undergraduate,Medium,5,2,2339,57,4,0,0
38,High School,High,4,1,12994,12,4,0,0
38,High School,High,4,0,38885,18,1,0,0
27,Graduate,High,4,10,34862,2,5,1,1
36,High School,Medium,5,5,8451,30,2,0,0
60,Graduate,High,4,10,30473,11,2,0,1
32,High School,Low,3,5,15380,30,2,0,1
40,Graduate,High,4,2,2634,42,3,0,0
59,Undergraduate,High,4,4,5651,38,5,0,0
38,Undergraduate,Medium,5,0,26470,53,1,0,0
23,Graduate,High,5,10,16408,21,4,1,1
40,Undergraduate,Low,4,3,7418,56,2,0,0
55,Undergraduate,Medium,4,4,15074,28,3,0,1
37,Graduate,Low,4,2,17322,43,2,0,0
53,High School,Low,5,2,2699,30,4,0,0
39,High School,Medium,3,3,33477,22,4,0,1
45,Graduate,Medium,3,7,44054,15,5,0,0
39,Undergraduate,Low,3,5,10843,21,1,0,1
43,High School,Medium,4,10,28947,42,5,0,0
33,Undergraduate,High,3,9,45990,33,2,1,0
27,Undergraduate,Low,5,9,2027,33,5,0,0
57,Undergraduate,Low,5,7,10393,4,5,0,0
26,Graduate,Medium,3,4,18365,55,1,0,0
36,Undergraduate,Medium,4,7,18633,2,0,0,0
47,Graduate,Low,4,2,14139,26,0,0,0
33,High School,Low,5,5,11188,18,1,0,0
39,Graduate,High,4,8,2705,10,5,1,1
57,Undergraduate,Low,5,9,45644,38,2,0,0
21,Undergraduate,Medium,4,6,43241,35,1,0,0
25,High School,Medium,4,4,7472,11,2,0,0
24,Undergraduate,Medium,5,7,23251,26,0,0,0
30,Undergraduate,Low,3,7,3000,3,2,0,0
60,Undergraduate,High,3,6,37738,21,0,0,0
28,Undergraduate,Medium,4,10,16806,58,4,0,0
54,Graduate,Medium,3,0,21296,20,2,0,0
32,High School,Medium,5,5,35767,40,4,0,0
51,Graduate,High,4,4,21967,26,2,0,1
41,High School,High,5,9,42458,31,5,0,1
52,Graduate,Low,5,6,18400,28,4,0,0
25,Graduate,Medium,3,10,22350,21,0,0,0
38,Undergraduate,Medium,3,5,25459,60,4,0,0
59,Graduate,Low,3,2,19963,33,5,0,0
35,Graduate,Low,3,6,21809,2,5,0,0
29,Graduate,Medium,5,10,36546,32,3,0,0
47,High School,High,4,5,17472,45,0,0,0
52,High School,High,4,10,22062,60,5,0,0
48,Undergraduate,Low,4,2,13952,29,1,0,0
45,Undergraduate,Low,3,3,14852,24,4,0,0
21,Undergraduate,Low,3,8,38919,56,2,0,0
57,High School,High,3,1,3323,44,2,0,0
53,High School,High,5,7,16567,49,3,0,0
55,High School,High,4,6,6055,15,5,0,0
60,Graduate,Medium,4,7,5752,20,3,0,0
45,Undergraduate,High,5,9,18205,32,5,0,0
35,Graduate,Low,5,2,40232,3,5,0,0
49,Undergraduate,High,4,1,39142,4,4,0,1
51,Undergraduate,Medium,3,7,12309,21,3,0,0
39,Undergraduate,High,3,1,1776,12,3,1,1
56,Undergraduate,High,4,8,45235,53,5,0,0
23,High School,Medium,5,9,9712,57,1,0,0
33,Undergraduate,High,5,4,39457,33,2,1,1
20,Undergraduate,Low,3,6,44253,43,2,0,1
25,Graduate,High,3,8,15233,47,3,1,1
23,High School,Low,5,8,34854,34,3,0,0
48,Graduate,High,5,2,10220,3,1,0,1
41,Undergraduate,High,5,3,36064,54,0,0,1
38,Undergraduate,Medium,4,1,27887,5,5,0,1
44,High School,Medium,3,8,49949,30,0,0,0
30,Graduate,High,5,2,42875,36,0,1,0
31,Undergraduate,High,3,0,35927,41,2,1,1
47,Undergraduate,Medium,5,3,15580,30,4,0,0
20,Undergraduate,Medium,3,4,4232,56,2,0,0
20,Undergraduate,High,4,9,35802,12,4,1,1
30,Undergraduate,High,4,10,48391,11,3,1,1
20,Undergraduate,High,4,4,12806,38,1,1,1
41,Undergraduate,High,3,0,47793,50,4,0,1
44,High School,High,4,6,46699,6,2,0,0
43,Undergraduate,High,4,0,48356,26,0,0,1
23,Graduate,High,4,0,40471,35,0,1,0
27,Undergraduate,Medium,4,2,20297,49,1,0,0
44,High School,Medium,3,8,37876,58,5,0,0
27,Graduate,High,5,3,29777,30,5,1,1
39,High School,High,3,0,35736,36,5,0,1
44,Graduate,Low,3,9,25210,51,1,0,0
43,Undergraduate,Medium,3,2,30888,10,1,0,0
39,Graduate,Low,3,0,15119,45,3,0,0
59,Undergraduate,High,3,5,3706,1,2,0,1
44,High School,Low,5,3,12039,12,0,0,0
32,Graduate,Medium,5,0,33900,57,0,0,1
52,High School,Low,3,4,15178,11,3,0,0
38,Undergraduate,Low,3,5,37754,59,3,0,0
55,High School,High,4,10,22355,11,5,0,0
50,Undergraduate,High,4,1,31251,19,3,0,1
39,High School,High,3,5,35862,28,2,0,0
25,High School,High,4,10,36173,31,5,0,1
57,Undergraduate,High,4,1,27782,9,5,0,0
44,Undergraduate,Medium,3,9,16503,5,2,0,0
25,High School,Low,5,5,23594,4,2,0,1
30,High School,High,3,9,35388,49,5,0,0
28,High School,High,3,2,32385,32,4,0,0
57,Graduate,Medium,4,10,34286,29,0,0,0
57,Undergraduate,Medium,3,4,19795,24,5,0,0
43,Undergraduate,Medium,3,7,14164,35,0,0,0
37,Undergraduate,Low,4,8,46305,57,5,0,0
58,Undergraduate,Low,3,7,44735,53,0,0,0
35,Graduate,High,5,4,31013,34,0,1,1
41,Undergraduate,Medium,3,5,48645,40,1,0,0
33,High School,Low,5,1,20042,35,0,0,0
48,High School,High,4,6,11940,47,2,0,1
27,High School,Medium,3,9,4375,56,1,0,0
59,High School,Medium,4,1,34145,59,4,0,0
46,Undergraduate,Medium,5,10,9315,48,3,0,0
58,Undergraduate,Low,4,10,10575,38,0,0,0
50,Undergraduate,Medium,4,10,42242,2,3,0,0
59,Graduate,Low,4,8,44225,47,4,0,0
39,Undergraduate,Medium,5,1,10893,15,1,0,1
51,Undergraduate,Low,4,5,18806,18,4,0,0
55,Undergraduate,Medium,3,1,8705,20,4,0,0
37,High School,High,3,9,13596,28,4,0,0
42,High School,Low,3,3,28836,37,4,0,1
53,Undergraduate,High,3,5,22304,30,0,0,0
20,High School,High,5,10,14626,58,2,0,0
49,Undergraduate,Medium,5,0,37904,4,0,0,0
40,Undergraduate,Medium,3,2,14952,39,4,0,0
48,Graduate,Low,3,7,38754,52,2,0,0
34,Graduate,High,3,5,1799,22,0,1,0
60,Graduate,High,3,5,36936,25,4,0,1
39,High School,Low,4,9,40886,21,3,0,0
42,High School,Medium,4,9,17589,53,1,0,0
52,Undergraduate,Medium,4,1,30477,52,4,0,0
59,Undergraduate,High,5,5,17029,24,3,0,1
25,Graduate,Medium,4,10,29725,7,4,0,0
47,Undergraduate,Medium,4,2,41393,26,2,0,0
48,Undergraduate,Low,4,9,12886,43,1,0,0
53,Undergraduate,High,4,0,27331,31,3,0,1
55,Undergraduate,Medium,5,5,5745,2,1,0,0
46,High School,Medium,3,4,36068,54,5,0,0
31,Undergraduate,Low,5,3,30469,28,5,0,0
45,Graduate,High,3,7,22905,26,5,0,1
43,High School,High,3,6,12576,30,4,0,0
46,High School,Medium,4,9,39624,10,4,0,0
32,Graduate,Low,4,5,46570,34,4,0,0
27,High School,Medium,3,4,6151,55,3,0,1
30,Undergraduate,Medium,4,0,36600,53,4,0,1
43,Graduate,Medium,4,2,26145,18,2,0,0
27,Undergraduate,Low,4,5,32584,50,5,0,0
26,Graduate,Low,3,7,25825,57,4,0,0
49,High School,Low,5,0,43425,52,4,0,0
29,Graduate,Low,5,6,11540,14,2,0,0
48,High School,High,3,9,20613,4,4,0,1
34,High School,Low,3,4,2516,48,2,0,0
24,High School,Medium,5,6,10676,27,2,0,0
25,High School,Medium,5,8,13235,29,0,0,0
23,Undergraduate,High,5,0,15195,27,5,1,1
34,Graduate,High,5,4,22799,46,2,1,1
54,High School,Medium,5,9,13314,23,4,0,0
20,High School,High,4,7,41910,23,4,0,1
40,Undergraduate,Low,5,5,40001,24,4,0,0
22,Graduate,Medium,4,6,20423,20,0,0,1
60,High School,Medium,4,1,38124,48,5,0,0
32,High School,Low,5,6,44249,9,5,0,0
37,Undergraduate,Medium,3,2,45181,4,3,0,0
25,High School,Low,5,2,42532,20,1,0,0
56,Undergraduate,Medium,5,10,34114,60,0,0,0
20,Undergraduate,Low,3,5,21714,28,0,0,0
59,Graduate,High,5,3,11975,46,0,0,1
41,Graduate,Medium,5,3,32114,22,1,0,0
41,High School,High,4,0,14093,51,0,0,0
43,High School,High,3,1,40126,11,3,0,0
52,High School,Medium,4,1,8598,44,1,0,0
48,Undergraduate,Low,3,7,21849,15,2,0,1
38,High School,Low,5,10,20084,41,4,0,1
44,Graduate,High,5,0,29230,36,2,0,1
29,High School,High,3,10,23940,9,4,0,0
45,Graduate,High,3,0,15340,54,4,0,1
30,Undergraduate,Low,4,3,6833,39,5,0,1
25,Undergraduate,Low,5,5,3708,12,3,0,1
30,Undergraduate,Low,4,10,8471,8,5,0,0
39,Graduate,Low,5,10,21958,31,2,0,0
33,Graduate,Low,5,10,45148,24,1,0,0
39,High School,Low,3,4,49282,51,1,0,1
34,Graduate,Low,5,1,24156,34,1,0,0
46,Graduate,Medium,5,5,13068,22,3,0,1
34,Graduate,Low,3,6,5819,38,3,0,0
59,Graduate,Medium,4,7,26847,31,0,0,0
29,Graduate,Low,5,1,26486,50,1,0,1
31,Undergraduate,Medium,3,0,35972,11,4,0,0
27,Undergraduate,Medium,4,8,42555,26,0,0,0
34,Graduate,Medium,4,0,28540,18,3,0,0
43,Graduate,High,3,1,28946,23,3,0,1
28,High School,High,4,4,10395,16,2,0,0
55,Undergraduate,Medium,3,0,29640,34,4,0,0
56,Graduate,High,4,0,49306,33,1,0,0
47,High School,High,5,5,27093,5,2,0,0
32,Graduate,High,3,6,18148,59,4,1,0
21,Graduate,Low,4,8,25979,57,4,0,0
55,Undergraduate,High,3,4,47677,9,1,0,1
48,Undergraduate,High,3,6,6117,54,5,0,1
20,High School,High,4,7,12342,9,5,0,0
32,High School,Medium,3,10,29179,54,3,0,0
22,Undergraduate,High,3,2,24021,40,2,1,1
42,Undergraduate,Low,5,4,27785,49,4,0,0
52,Graduate,Medium,5,3,36245,28,5,0,0
33,Graduate,Medium,4,7,45155,53,3,0,0
55,Graduate,Medium,3,6,38318,47,5,0,0
38,Graduate,Low,5,6,36160,45,4,0,0
34,Undergraduate,Medium,3,0,27922,56,2,0,0
26,High School,Low,3,9,13643,60,1,0,0
57,Graduate,Low,3,1,34168,39,4,0,0
49,Undergraduate,Medium,5,5,49761,15,3,0,0
55,Graduate,Medium,3,10,45217,11,3,0,0
47,Undergraduate,Low,5,8,38788,16,4,0,0
55,Undergraduate,High,4,3,27127,26,5,0,1
47,Graduate,Medium,5,1,11745,14,5,0,0
37,High School,Low,3,6,22953,47,2,0,0
27,Undergraduate,Medium,3,0,11483,56,2,0,1
31,High School,High,4,8,33787,2,5,0,0
41,Graduate,High,5,5,31527,43,4,0,0
20,Undergraduate,High,4,2,36586,13,3,1,1
53,High School,Low,5,8,11540,23,1,0,0
25,Graduate,Low,4,1,33948,3,1,0,0
55,High School,Medium,5,10,20233,36,2,0,1
23,Undergraduate,Low,4,2,15802,39,1,0,0
29,High School,Medium,5,4,8238,18,1,0,0
25,Undergraduate,Low,3,8,28800,9,1,0,0
25,Graduate,Medium,4,2,40590,24,0,0,0
48,Undergraduate,High,3,10,27115,38,2,0,0
30,Undergraduate,Low,4,10,21550,43,3,0,0
46,Undergraduate,Medium,4,9,41965,32,1,0,0
53,Graduate,High,3,6,44888,23,4,0,1
31,Undergraduate,High,3,6,9917,53,2,1,1
45,Undergraduate,High,4,9,21819,41,4,0,0
20,Graduate,Medium,4,5,16567,43,1,0,0
34,Graduate,Medium,5,6,47873,21,5,0,0
30,Graduate,Medium,5,7,42253,39,0,0,1
30,High School,High,4,10,35145,44,5,0,0
30,High School,Medium,5,8,6858,36,5,0,0
50,Graduate,High,5,7,38892,20,3,0,0
42,High School,Low,5,5,31437,12,3,0,0
47,High School,Medium,4,3,16913,16,0,0,0
29,Graduate,High,5,0,14336,36,2,1,0
47,Graduate,High,5,4,5727,16,5,0,0
44,High School,Medium,5,6,44688,40,2,0,0
48,Graduate,Medium,4,3,11363,36,5,0,0
44,Undergraduate,High,5,1,11773,35,5,0,1
41,Undergraduate,High,5,3,40582,23,0,0,1
37,High School,High,4,3,49533,29,0,0,1
41,Graduate,Low,5,9,9656,27,5,0,0
59,Graduate,Medium,3,8,4597,48,4,0,0
37,Graduate,High,3,2,14116,54,4,1,1
20,Graduate,Medium,3,7,5213,47,0,0,0
20,Undergraduate,High,3,1,10766,48,0,1,0
40,Graduate,Medium,3,0,3965,30,3,0,1
34,High School,Low,3,7,14713,22,3,0,0
58,Graduate,Low,5,1,25737,15,3,0,0
35,Undergraduate,Medium,5,4,34220,13,1,0,0
50,Graduate,Low,5,4,19676,47,5,0,1
57,Undergraduate,Medium,3,7,1344,6,0,0,0
41,High School,Medium,3,4,33861,26,4,0,0
27,High School,Low,3,1,45107,35,2,0,0
33,Undergraduate,Medium,3,0,44503,16,3,0,1
51,High School,Medium,3,4,30807,39,0,0,1
44,Graduate,Low,3,1,10357,35,2,0,0
32,Graduate,High,5,3,4659,11,1,1,1
43,Graduate,High,4,6,16395,49,0,0,1
43,Graduate,High,3,3,8466,32,5,0,0
34,High School,Low,3,5,40178,28,1,0,0
53,Graduate,Low,3,0,19867,37,5,0,0
32,Undergraduate,Low,3,10,11331,15,5,0,0
31,High School,Low,4,7,33731,4,5,0,1
32,Undergraduate,High,4,3,3041,34,4,1,0
51,Graduate,Medium,4,2,49537,34,2,0,0
56,Undergraduate,Medium,5,9,24601,46,2,0,0
48,Undergraduate,Low,3,9,9891,18,5,0,0
46,Undergraduate,High,4,10,24021,31,3,0,0
58,Undergraduate,High,5,1,46379,21,4,0,1
60,Undergraduate,High,5,1,5729,15,2,0,0
55,High School,Medium,5,4,34015,37,0,0,0
34,Undergraduate,Medium,4,2,43420,18,2,0,0
40,Undergraduate,Medium,5,1,33291,31,0,0,0
44,High School,High,3,3,31767,19,5,0,1
49,Graduate,Medium,3,4,16059,1,1,0,1
56,Undergraduate,Low,3,4,26201,13,3,0,0
53,High School,High,3,4,47561,35,0,0,0
42,Graduate,Medium,3,0,38599,5,2,0,0
33,High School,Medium,3,4,24742,41,4,0,0
53,Graduate,Low,4,0,23870,27,1,0,0
25,Graduate,Medium,5,6,16370,21,0,0,0
27,Graduate,High,5,5,1078,26,5,1,1
54,High School,Medium,3,10,45143,48,4,0,1
28,Graduate,Low,5,6,30217,33,3,0,0
51,Graduate,Low,4,5,23662,59,2,0,0
35,Graduate,High,3,9,39247,30,0,1,1
27,High School,Low,4,3,47236,22,0,0,0
21,Undergraduate,Low,4,9,37102,18,4,0,0
56,Undergraduate,Low,4,7,40478,3,5,0,0
50,High School,Low,3,0,5679,25,1,0,0
53,Graduate,Low,4,6,43834,23,5,0,0
52,High School,Medium,3,6,7699,13,0,0,0
38,Graduate,Low,3,1,3337,51,0,0,1
24,Graduate,High,5,9,48740,49,4,1,0
50,Undergraduate,High,4,6,15934,1,2,0,1
46,Graduate,High,4,9,16577,3,1,0,1
45,High School,Low,4,1,4936,9,3,0,0
51,Undergraduate,High,5,1,36659,26,2,0,1
48,Undergraduate,High,3,6,7959,33,2,0,1
50,High School,Medium,3,2,7783,23,5,0,0
60,Graduate,High,3,6,44524,27,0,0,1
42,High School,Medium,4,3,27733,20,5,0,0
35,Graduate,High,4,7,31181,9,3,1,1
35,Undergraduate,High,4,2,13330,11,4,1,1
40,High School,High,5,7,11928,54,1,0,0
46,High School,Medium,5,9,23777,29,2,0,0
49,High School,Low,5,8,33074,40,4,0,1
50,Graduate,Medium,4,10,19745,2,2,0,1
35,Graduate,High,5,6,19389,23,4,1,1
48,Undergraduate,High,3,1,15786,16,0,0,1
37,High School,High,5,2,45005,24,0,0,1
43,Undergraduate,Low,5,10,10323,53,4,0,0
49,Undergraduate,Medium,4,0,34586,1,1,0,0
30,Undergraduate,High,5,0,22317,1,0,1,1
46,Graduate,High,3,7,4965,27,5,0,0
22,Graduate,High,5,7,20128,58,2,1,1
24,Graduate,Low,5,4,48362,46,4,0,0
20,High School,Low,5,0,3650,18,3,0,0
40,High School,Medium,4,9,47047,38,3,0,1
37,High School,High,5,2,45786,56,0,0,0
25,Graduate,Medium,3,0,26473,58,5,0,0
30,High School,Medium,5,7,26310,46,1,0,0
27,Undergraduate,Medium,3,2,35383,34,3,0,1
44,Graduate,Medium,5,0,42773,54,4,0,0
32,Undergraduate,High,4,1,8610,30,3,1,1
33,Undergraduate,Medium,5,4,14749,9,3,0,1
54,Undergraduate,High,4,1,31957,54,4,0,1
50,High School,Medium,5,4,2731,3,2,0,0
49,Undergraduate,Medium,4,5,1375,54,5,0,0
22,High School,High,3,3,7570,28,0,0,1
47,High School,Medium,3,1,35335,28,4,0,1
39,High School,High,3,6,30606,3,2,0,0
46,Graduate,High,4,9,39511,22,2,0,0
24,Graduate,High,3,8,41054,6,5,1,1
32,Graduate,Medium,5,8,9995,11,5,0,0
30,High School,High,3,4,11954,10,4,0,0
50,Graduate,Low,4,7,2572,59,1,0,0
58,Graduate,Medium,5,8,24784,2,0,0,0
40,High School,High,5,8,6334,34,3,0,1
36,High School,High,4,0,39878,11,3,0,0
29,High School,Medium,3,8,16419,18,1,0,1
56,High School,Medium,5,0,49759,20,2,0,1
43,Graduate,Low,3,9,47668,11,3,0,0
20,Undergraduate,Low,3,4,34131,27,1,0,0
35,Graduate,Medium,5,3,44093,28,5,0,0
58,Graduate,Low,4,3,46087,33,0,0,0
23,Undergraduate,Medium,5,4,10224,1,5,0,0
51,Graduate,High,4,10,12521,1,0,0,1
51,Undergraduate,Medium,5,0,6681,13,3,0,0
58,High School,Medium,3,9,27970,33,0,0,0
42,High School,Low,5,7,30934,24,0,0,1
33,Graduate,High,5,1,37541,26,5,1,0
45,Graduate,Medium,4,10,31197,17,4,0,0
25,Undergraduate,Low,3,1,22055,21,5,0,1
32,High School,High,4,7,36736,28,0,0,0
24,High School,Low,3,3,46660,57,5,0,0
60,High School,Medium,3,6,1528,8,1,0,1
36,High School,High,3,8,44941,32,2,0,1
40,Graduate,Low,5,0,1130,18,1,0,0
33,High School,Medium,5,10,48147,34,2,0,0
54,High School,High,4,9,34027,60,5,0,0
34,Graduate,Low,3,2,27360,58,4,0,0
24,Undergraduate,Medium,4,8,47851,39,4,0,0
50,Undergraduate,Low,3,9,31174,36,3,0,1
60,Undergraduate,Low,5,2,2876,5,4,0,1
20,Undergraduate,Low,4,1,27386,45,5,0,1
27,Undergraduate,Low,5,3,48039,17,0,0,0
60,Graduate,High,5,7,3480,31,5,0,1
23,Graduate,Medium,4,8,18870,1,0,0,0
28,Undergraduate,Low,4,5,26837,46,5,0,0
56,Graduate,Medium,5,9,34040,51,2,0,0
28,High School,Medium,5,1,35533,50,3,0,0
42,High School,Low,3,2,46820,48,4,0,0
35,Undergraduate,Medium,4,8,26717,49,2,0,0
50,High School,Medium,3,8,16331,12,1,0,0
26,Graduate,Low,3,6,35060,22,5,0,0
37,Undergraduate,Medium,4,10,47043,10,2,0,0
26,Undergraduate,Medium,3,0,8046,7,2,0,0
33,Graduate,Low,4,3,17851,34,4,0,0
59,High School,Medium,3,8,2135,38,0,0,0
33,Undergraduate,High,5,10,41982,21,1,1,1
27,Undergraduate,High,3,10,39857,47,0,1,1
21,Undergraduate,Low,4,9,33334,43,0,0,0
20,Graduate,Medium,3,5,16790,47,2,0,0
20,Graduate,Medium,3,9,3538,24,1,0,0
60,Undergraduate,Medium,4,7,38112,21,3,0,0
40,High School,High,3,5,16022,27,3,0,0
58,High School,High,4,3,22280,57,5,0,0
36,Graduate,High,4,5,35802,11,3,1,1
35,High School,Low,4,9,8936,41,5,0,0
57,Undergraduate,High,5,0,19961,42,2,0,0
23,Graduate,High,4,2,43054,46,5,1,1
46,Graduate,Low,4,4,24051,32,3,0,0
25,High School,Low,3,7,22659,42,1,0,0
49,High School,Medium,5,6,38263,5,2,0,0
37,Graduate,High,3,6,30293,4,1,1,1
31,Graduate,High,4,6,43878,58,1,1,0
41,High School,Low,4,0,12908,58,0,0,0
43,Graduate,Medium,5,3,38827,36,2,0,0
47,Graduate,High,3,9,31419,48,0,0,1
47,High School,Low,3,6,24991,25,4,0,0
36,Graduate,Medium,4,9,29014,59,4,0,0
43,High School,Low,3,7,4266,30,4,0,0
46,Graduate,Low,3,9,17905,41,1,0,0
37,High School,Medium,4,0,3789,34,2,0,0
34,Graduate,Medium,3,6,30049,52,5,0,0
60,Undergraduate,Low,3,10,30070,36,1,0,0
25,Graduate,High,5,0,8038,55,0,1,0
52,High School,Medium,4,7,24390,11,4,0,0
24,High School,High,4,6,43510,21,3,0,0
35,High School,High,4,8,24648,47,1,0,1
31,Graduate,Low,4,9,25611,36,0,0,1
36,High School,High,4,3,44766,34,2,0,0
31,Undergraduate,High,3,6,27183,59,4,1,1
35,Undergraduate,Medium,4,6,17657,23,5,0,0
23,Graduate,Low,4,6,45094,29,1,0,0
20,High School,Medium,3,2,32555,55,5,0,0
24,Undergraduate,Low,4,5,30123,58,3,0,0
41,Undergraduate,High,3,4,5980,22,1,0,1
20,Undergraduate,Medium,4,2,40158,13,2,0,0
24,Graduate,High,5,6,7943,57,2,1,0
21,High School,Medium,4,1,39948,37,3,0,0
38,High School,Low,5,10,5515,34,0,0,0
32,Graduate,High,5,7,9905,40,3,1,1
38,Graduate,High,5,9,30606,20,5,1,0
32,High School,High,3,4,46910,30,3,0,0
58,Undergraduate,Medium,5,6,5891,36,2,0,0
58,Graduate,Low,4,7,39369,51,0,0,0
41,Undergraduate,Medium,4,6,23938,20,4,0,0
23,Graduate,Low,5,2,28501,56,1,0,0
20,Undergraduate,High,3,10,23600,41,1,1,1
54,Graduate,Medium,4,4,47824,6,1,0,0
59,High School,Low,5,9,42603,12,5,0,0
23,Graduate,Medium,5,5,10632,43,0,0,0
44,Undergraduate,Low,4,1,42588,38,4,0,0
27,Graduate,Low,5,9,40793,18,5,0,0
35,High School,Low,5,6,24177,27,2,0,1
24,High School,Low,3,4,14266,32,4,0,0
38,Graduate,Low,4,6,32214,17,2,0,0
30,Graduate,High,5,2,26946,56,4,1,1
34,Undergraduate,Low,3,7,48453,37,5,0,1
56,Graduate,Low,3,5,16080,39,3,0,0
31,Graduate,Low,4,1,41476,41,3,0,0
44,High School,Low,3,9,21127,60,2,0,0
26,Graduate,Low,5,6,24664,7,4,0,0
33,Graduate,Low,3,3,38267,30,5,0,1
21,Undergraduate,Low,3,0,33770,14,4,0,0
40,Graduate,High,3,8,38836,2,3,0,0
25,Undergraduate,High,4,0,34682,60,2,1,1
44,High School,Low,3,4,19451,50,1,0,0
49,High School,Low,5,0,11822,37,2,0,0
21,Graduate,Medium,3,9,38905,57,0,0,1
39,Graduate,High,3,6,44297,31,3,1,1
38,Graduate,Low,3,2,36965,3,1,0,0
44,Graduate,Medium,3,9,13589,44,2,0,0
32,Graduate,Low,5,1,13452,57,1,0,0
52,Graduate,High,3,6,45248,4,4,0,1
27,Graduate,High,3,2,47223,9,4,1,1
29,High School,High,3,0,45672,40,5,0,0
34,Graduate,Low,3,2,33151,55,0,0,1
54,Undergraduate,Medium,3,4,10477,5,4,0,0
33,High School,Medium,3,6,47451,3,1,0,1
25,Undergraduate,Low,5,8,22890,54,2,0,0
33,High School,Low,5,1,8127,51,3,0,0
51,Graduate,High,5,9,31236,20,0,0,0
40,High School,High,3,7,39207,58,3,0,1
54,High School,Low,5,2,25276,16,3,0,0
33,Undergraduate,Low,5,4,15747,20,5,0,0
44,Undergraduate,High,5,1,32362,17,2,0,1
50,Undergraduate,High,3,0,8770,49,1,0,1
26,Graduate,Medium,5,6,7686,53,0,0,0
60,High School,Low,3,3,21776,10,3,0,0
31,Graduate,Low,5,10,38447,28,4,0,0
60,High School,Low,4,2,37375,34,4,0,0
34,Undergraduate,Medium,5,3,22623,16,5,0,0
60,High School,High,5,1,27820,17,1,0,0
54,High School,Low,5,4,13462,37,4,0,1
47,Graduate,High,4,8,30720,15,0,0,0
60,Undergraduate,Medium,5,0,20802,51,2,0,0
31,High School,Low,5,8,38983,7,4,0,1
53,Undergraduate,High,3,5,9644,25,1,0,1
42,Undergraduate,Medium,3,8,24469,5,3,0,0
52,Undergraduate,Medium,5,4,6285,50,3,0,0
55,High School,High,4,3,27870,60,3,0,1
29,Undergraduate,Low,4,8,19738,10,4,0,0
54,Graduate,Medium,4,10,2765,59,4,0,0
59,High School,Medium,4,1,30445,49,2,0,0
33,Graduate,High,5,9,20760,4,0,1,1
24,High School,Medium,4,10,37232,51,0,0,0
33,Graduate,Low,3,8,5698,4,5,0,0
39,Graduate,High,5,10,40043,16,2,1,1
56,High School,Low,4,9,39586,30,4,0,0
27,Undergraduate,High,5,0,39933,33,0,1,1
57,Graduate,Low,4,0,47399,16,0,0,0
48,High School,Medium,5,5,23208,24,0,0,0
40,Graduate,Medium,5,1,36871,60,2,0,0
37,Undergraduate,High,5,1,46253,39,3,1,0
23,Graduate,Low,4,2,11085,26,5,0,1
55,Graduate,Low,4,3,41206,52,3,0,1
48,Undergraduate,Low,4,2,33071,22,0,0,0
52,Graduate,Medium,3,0,4327,24,4,0,0
41,Graduate,Low,5,10,10539,30,0,0,0
45,High School,Low,4,1,39091,20,5,0,0
45,Undergraduate,Medium,3,5,11453,58,1,0,0
22,Undergraduate,High,4,7,1487,59,2,1,1
25,Graduate,High,3,5,38545,52,0,1,0
46,High School,High,4,8,31202,20,3,0,0
40,High School,High,3,2,13758,21,3,0,0
48,High School,Low,4,10,25065,20,1,0,0
59,Graduate,Medium,5,2,6350,24,5,0,0
40,High School,High,4,2,7704,26,0,0,0
22,Undergraduate,Medium,5,8,21579,25,5,0,0
36,Graduate,Medium,3,4,23713,14,0,0,0
20,Graduate,Low,3,9,2704,56,3,0,0
54,High School,Low,4,9,24326,59,0,0,0
60,Graduate,Medium,4,8,41347,20,1,0,0
36,Graduate,Medium,3,8,19552,55,2,0,0
52,Graduate,Medium,4,6,40822,17,3,0,0
29,Undergraduate,Low,4,1,12137,58,2,0,1
39,Undergraduate,High,3,1,9372,18,4,1,1
39,High School,Low,4,5,36758,27,2,0,0
48,High School,Low,4,7,7248,60,3,0,1
28,Graduate,Low,5,1,12060,10,0,0,0
39,High School,Medium,5,5,9068,59,4,0,0
24,Graduate,Medium,5,6,6317,6,1,0,0
39,Graduate,Medium,3,7,1336,19,2,0,0
34,Graduate,Low,5,6,40973,3,0,0,1
57,High School,Low,3,3,37496,22,3,0,0
40,High School,Medium,4,9,12853,13,1,0,0
41,Graduate,High,4,2,13167,18,0,0,1
59,Graduate,High,4,5,40766,25,1,0,0
24,Graduate,Medium,4,0,35043,9,3,0,1
31,High School,Medium,4,5,36477,51,1,0,0
39,High School,High,4,5,31553,19,5,0,0
41,Graduate,Low,3,0,31756,55,1,0,0
29,Undergraduate,Low,4,9,31318,42,1,0,1
32,Graduate,Low,5,7,33914,56,5,0,1
20,High School,Medium,5,5,41006,28,2,0,0
30,High School,Low,3,0,19931,51,2,0,0
34,Graduate,Medium,4,2,27027,18,1,0,0
58,High School,Medium,4,2,23931,28,3,0,0
49,Graduate,Low,4,4,46527,38,3,0,1
45,Undergraduate,Low,3,1,48394,55,1,0,0
24,Undergraduate,Low,4,5,15833,18,5,0,0
41,High School,Low,3,7,34390,37,5,0,0
31,Undergraduate,High,3,0,1135,15,5,1,1
43,High School,Medium,5,10,15718,14,3,0,0
42,Graduate,Medium,4,10,25143,54,5,0,0
48,High School,High,4,8,26815,42,2,0,0
42,Undergraduate,Low,4,8,10048,30,1,0,0
32,Undergraduate,Low,3,2,23153,16,5,0,0
39,Graduate,Low,5,2,40449,4,1,0,0
24,Undergraduate,Medium,3,3,27623,55,0,0,0
41,Undergraduate,High,4,0,22668,19,4,0,0
56,Graduate,Medium,3,0,18015,45,3,0,0
47,Undergraduate,Medium,5,8,24317,11,1,0,0
44,Graduate,High,3,8,17600,13,3,0,0
20,Graduate,Medium,3,0,18641,31,4,0,0
30,High School,Low,4,3,17350,48,0,0,0
40,High School,Low,3,0,25534,54,2,0,0
51,High School,Medium,3,3,9829,60,5,0,0
32,High School,Low,5,7,7157,13,5,0,0
55,Graduate,Low,4,3,48839,55,1,0,0
43,Undergraduate,Low,5,2,28754,25,0,0,0
41,High School,Low,5,6,32364,26,0,0,0
46,Undergraduate,Low,4,5,36096,55,3,0,0
57,Undergraduate,Medium,4,8,11688,6,1,0,0
58,Graduate,Low,3,0,31216,30,2,0,0
33,High School,Low,3,0,19092,56,3,0,1
27,Graduate,Low,5,1,44067,3,5,0,0
49,High School,Medium,3,3,4399,44,2,0,0
36,High School,Low,5,8,15100,44,2,0,1
43,Undergraduate,High,5,8,6896,43,4,0,1
41,Graduate,Low,5,8,6672,3,5,0,0
49,Graduate,Low,3,8,29350,49,2,0,0
54,Undergraduate,High,4,8,40182,9,5,0,1
26,Undergraduate,Medium,5,8,10029,24,3,0,0
29,Graduate,High,3,0,5893,33,3,1,1
54,Graduate,Medium,3,4,28574,54,4,0,0
28,Undergraduate,Low,5,6,6381,6,0,0,0
27,High School,High,4,4,44363,11,5,0,0
40,High School,Low,4,5,2075,60,0,0,0
41,Graduate,Low,4,2,27370,18,2,0,0
52,High School,Medium,3,5,28165,7,2,0,0
36,High School,Low,3,2,2437,16,4,0,0
22,Graduate,High,5,7,24989,30,0,1,1
54,Graduate,Low,5,2,36171,50,4,0,0
30,Undergraduate,Medium,4,8,41421,51,1,0,0
28,High School,High,5,1,24285,2,2,0,0
55,Graduate,Medium,4,5,6223,9,2,0,0
39,High School,High,4,5,27349,17,5,0,1
54,High School,Medium,4,2,39248,8,1,0,0
22,Graduate,Low,5,1,13236,38,3,0,0
49,Graduate,Medium,5,0,1638,56,2,0,1
48,Graduate,High,5,4,1852,2,2,0,1
37,Undergraduate,Medium,4,6,42315,18,0,0,0
43,Undergraduate,Low,5,7,29582,51,0,0,1
31,Graduate,Medium,4,6,22825,13,0,0,0
57,Graduate,Medium,5,0,36115,41,2,0,0
57,Graduate,Low,5,10,26170,20,1,0,0
47,Graduate,Low,4,3,44675,11,5,0,1
40,Undergraduate,Medium,4,0,45971,60,2,0,0
30,Undergraduate,High,4,6,42304,52,0,1,0
42,High School,Medium,3,0,23202,6,0,0,0
20,Undergraduate,Low,5,9,38710,4,0,0,0
26,High School,High,4,5,14156,17,1,0,0
53,Undergraduate,Medium,3,6,6112,44,5,0,0
34,High School,Low,3,9,9604,47,4,0,0
45,Undergraduate,High,4,9,11347,29,5,0,1
34,High School,High,5,8,24091,7,3,0,0
54,Graduate,Medium,5,9,34197,60,0,0,0
59,Undergraduate,High,4,0,14832,21,3,0,0
22,Graduate,High,5,4,48575,10,1,1,1
57,Undergraduate,High,3,8,41773,17,5,0,1
36,Graduate,High,4,0,4926,10,0,1,0
45,Undergraduate,Medium,4,8,5134,55,5,0,0
33,Undergraduate,Low,4,2,6122,44,2,0,0
49,High School,High,3,7,20850,6,2,0,0
32,High School,High,5,1,27469,60,3,0,0
60,High School,High,4,7,41465,51,2,0,0
41,Undergraduate,Medium,4,10,15242,60,2,0,0
52,High School,Low,3,6,47637,49,4,0,0
38,Graduate,Medium,3,3,48021,32,3,0,0
59,Graduate,Low,4,7,39645,60,5,0,0
56,Graduate,Low,4,10,11894,44,4,0,0
28,Undergraduate,High,3,3,22542,24,4,1,1
22,High School,High,4,7,40730,39,1,0,0
54,High School,Medium,4,4,16111,57,3,0,1
38,Undergraduate,Low,3,2,22199,22,1,0,0
24,High School,Medium,5,10,38527,48,5,0,0
22,High School,Medium,4,4,43781,7,0,0,0
60,High School,Low,4,5,14738,29,4,0,0
35,High School,Low,4,9,33088,10,2,0,0
55,Graduate,Low,3,9,37554,17,0,0,1
31,Graduate,Low,4,6,24447,4,5,0,0
29,Graduate,Low,3,4,33248,23,0,0,0
53,High School,Low,5,3,31483,30,3,0,1
47,High School,Low,4,1,17021,59,2,0,0
22,Graduate,Medium,4,2,14796,26,4,0,0
42,High School,Low,5,10,28521,39,2,0,0
28,Undergraduate,High,4,5,3078,1,5,1,1
47,High School,Medium,5,10,38567,18,5,0,0
37,High School,Low,3,10,38532,30,5,0,0
29,Undergraduate,Low,4,3,7122,11,2,0,1
34,Undergraduate,Low,5,1,48336,31,3,0,1
31,High School,High,3,8,38712,33,4,0,0
38,Graduate,High,4,1,7977,22,3,1,1
37,Undergraduate,High,3,5,47307,7,4,1,1
24,Graduate,High,4,9,37817,18,2,1,0
52,Undergraduate,High,3,0,7902,15,2,0,0
25,High School,Low,5,1,27647,38,5,0,1
58,Graduate,High,5,8,17669,20,5,0,0
21,High School,Low,5,6,48497,6,5,0,0
52,Undergraduate,Medium,3,1,16014,41,4,0,0
34,Graduate,High,3,10,36023,17,5,1,1
54,High School,High,5,7,42642,21,0,0,0
49,High School,High,3,1,18930,53,1,0,0
20,Graduate,Low,3,0,7129,5,1,0,0
56,Undergraduate,Low,3,5,9171,6,5,0,0
50,Undergraduate,High,4,6,25155,33,0,0,1
44,High School,Low,3,2,36482,43,5,0,1
45,Undergraduate,Low,4,2,21798,25,3,0,0
32,Graduate,Low,3,4,23064,28,1,0,0
24,High School,Medium,4,6,48279,8,4,0,1
44,Graduate,Medium,3,0,24914,27,0,0,0
25,Graduate,Low,3,10,30495,15,0,0,0
54,Graduate,High,3,0,19545,15,5,0,1
27,High School,Medium,4,9,11688,38,5,0,0
31,Graduate,High,4,10,21259,53,1,1,1
25,High School,High,3,9,31517,7,3,0,0
58,Undergraduate,High,4,9,44333,26,3,0,1
24,Undergraduate,Medium,3,1,27428,47,3,0,0
47,High School,Medium,5,4,47481,55,0,0,1
23,Undergraduate,Low,5,9,33729,45,2,0,0
34,High School,Medium,3,4,14581,27,2,0,0
28,Undergraduate,High,3,0,23820,14,2,1,1
38,Undergraduate,Medium,4,4,36967,43,5,0,0
37,High School,Low,5,0,6111,52,4,0,0
45,Graduate,High,5,10,44715,26,4,0,1
50,Undergraduate,High,4,8,24197,60,0,0,0
49,High School,Low,4,8,10970,32,0,0,1
38,Graduate,Medium,4,7,6426,36,0,0,0
30,High School,Low,3,1,15084,26,2,0,0
31,High School,High,3,3,14461,33,5,0,0
45,Undergraduate,High,3,5,25704,60,1,0,1
41,Graduate,Medium,3,5,46976,4,0,0,1
59,Undergraduate,Low,4,5,27825,13,3,0,1
27,Undergraduate,Low,4,6,6072,54,1,0,0
30,High School,Low,5,10,40642,45,3,0,0
23,Graduate,Medium,4,4,45716,16,5,0,0
52,Undergraduate,Low,3,5,2072,38,4,0,0
23,High School,Medium,3,4,33380,14,2,0,0
52,Undergraduate,Low,4,3,14888,55,0,0,0
51,High School,Low,5,2,28101,20,5,0,0
22,Graduate,Medium,3,10,45771,33,1,0,1
22,Graduate,High,3,9,3426,15,2,1,1
47,High School,Low,4,1,18624,46,2,0,0
41,High School,Medium,4,10,4541,1,4,0,0
48,Undergraduate,Medium,5,8,17353,59,2,0,0
58,Undergraduate,Low,4,5,2360,31,4,0,0
28,Graduate,High,5,6,14888,45,2,1,1
40,Undergraduate,Medium,5,6,42181,1,3,0,0
31,High School,High,3,3,20329,22,1,0,0
28,Undergraduate,Medium,5,4,22689,45,4,0,0
60,Undergraduate,Low,4,1,13821,17,3,0,0
25,Undergraduate,Low,5,1,27895,11,0,0,0
26,Undergraduate,Medium,4,6,21326,38,4,0,0
41,High School,Medium,3,4,18211,52,0,0,0
57,Graduate,Low,5,7,10389,7,3,0,0
42,Undergraduate,Medium,3,5,42654,54,4,0,0
25,High School,Low,3,3,39550,46,4,0,0
